{"download (1).jpg6114":{"fileref":"","size":6114,"filename":"download (1).jpg","base64_img_data":"","file_attributes":{},"regions":{"0":{"shape_attributes":{"name":"rect","x":40,"y":36,"width":122,"height":205},"region_attributes":{}}}},"images.jpg6456":{"fileref":"","size":6456,"filename":"images.jpg","base64_img_data":"","file_attributes":{},"regions":{"0":{"shape_attributes":{"name":"polygon","all_points_x":[183,212,247,183],"all_points_y":[93,149,102,93]},"region_attributes":{}}}},"images (4).jpg10379":{"fileref":"","size":10379,"filename":"images (4).jpg","base64_img_data":"","file_attributes":{},"regions":{"0":{"shape_attributes":{"name":"rect","x":51,"y":33,"width":61,"height":114},"region_attributes":{}}}},"images (3).jpg8305":{"fileref":"","size":8305,"filename":"images (3).jpg","base64_img_data":"","file_attributes":{},"regions":{"0":{"shape_attributes":{"name":"rect","x":75,"y":40,"width":148,"height":129},"region_attributes":{}}}},"images (2).jpg8447":{"fileref":"","size":8447,"filename":"images (2).jpg","base64_img_data":"","file_attributes":{},"regions":{"0":{"shape_attributes":{"name":"rect","x":31,"y":13,"width":143,"height":175},"region_attributes":{}}}},"images (1).jpg7003":{"fileref":"","size":7003,"filename":"images (1).jpg","base64_img_data":"","file_attributes":{},"regions":{"0":{"shape_attributes":{"name":"rect","x":51,"y":17,"width":127,"height":163},"region_attributes":{}}}},"download.jpg5337":{"fileref":"","size":5337,"filename":"download.jpg","base64_img_data":"","file_attributes":{},"regions":{"0":{"shape_attributes":{"name":"rect","x":49,"y":58,"width":106,"height":118},"region_attributes":{}}}},"download (4).jpg5847":{"fileref":"","size":5847,"filename":"download (4).jpg","base64_img_data":"","file_attributes":{},"regions":{"0":{"shape_attributes":{"name":"rect","x":56,"y":2,"width":135,"height":158},"region_attributes":{}}}},"download (3).jpg9184":{"fileref":"","size":9184,"filename":"download (3).jpg","base64_img_data":"","file_attributes":{},"regions":{"0":{"shape_attributes":{"name":"rect","x":51,"y":61,"width":144,"height":106},"region_attributes":{}}}},"download (2).jpg8333":{"fileref":"","size":8333,"filename":"download (2).jpg","base64_img_data":"","file_attributes":{},"regions":{"0":{"shape_attributes":{"name":"rect","x":31,"y":55,"width":74,"height":73},"region_attributes":{}}}}}